<?xml version="1.0" encoding="UTF-8" standalone="yes"?>
<addon id="plugin.program.Dragon-Wizard19" name="[COLOR red][B]Dragon[/COLOR][/B] [COLOR white][B]Wizard19[/COLOR][/B]" version="3.0.6" provider-name="KodiDragon">
    <requires>
        <import addon="xbmc.python" version="3.0.0" />
        <import addon="script.module.requests" />
        <import addon="script.module.six" />
    </requires>
    <extension point="xbmc.python.pluginsource" library="default.py">
        <provides>executable</provides>
    </extension>
    <extension point="xbmc.service" library="startup.py" start="startup" />
    <extension point="xbmc.addon.metadata">
        <summary lang="en">[COLOR red][B]Dragon[/COLOR][/B] [COLOR white][B]Wizard[/COLOR][/B]</summary>
        <description lang="en">[COLOR red][B]Dragon[/COLOR][/B] [COLOR white][B]Wizard[/COLOR][/B] offers many maintenance features, selective add-on data saving, and automated build installs.</description>
        <platform>all</platform>
        <reuselanguageinvoker>false</reuselanguageinvoker>
        <source></source>
        <news>
2.0.0
 - Kodi 19 ready
 - Initial Commit
        </news>
        <assets>
            <icon>icon.png</icon>
            <fanart>fanart.jpg</fanart>
        </assets>
    </extension>
</addon>